serial_no,frame_no,timestamp,object_class,class_id,track_id,confidence,x1,y1,x2,y2,frame_width,frame_height
1,17,1.417,person,0,1,0.796,511.34,390.9,574.35,432.0,768,432
2,18,1.5,person,0,1,0.8008,506.26,383.17,580.68,432.0,768,432
3,19,1.583,person,0,1,0.8434,502.25,375.55,586.97,431.78,768,432
4,20,1.667,person,0,1,0.8506,498.27,367.19,593.7,431.7,768,432
5,21,1.75,person,0,1,0.8431,494.88,358.6,600.62,431.87,768,432
6,22,1.833,person,0,1,0.8467,491.69,349.3,607.34,431.94,768,432
7,23,1.917,person,0,1,0.8596,488.39,340.23,612.33,431.97,768,432
8,24,2.0,person,0,1,0.8667,486.17,331.99,616.16,431.98,768,432
9,25,2.083,person,0,1,0.8705,483.97,324.6,618.06,431.99,768,432
10,26,2.167,person,0,1,0.8762,482.75,318.41,618.69,431.99,768,432
11,27,2.25,person,0,1,0.8634,483.11,310.71,620.45,430.95,768,432
12,28,2.333,person,0,1,0.8722,492.28,302.74,614.44,414.59,768,432
13,29,2.417,person,0,1,0.8611,502.24,295.26,610.31,398.88,768,432
14,30,2.5,person,0,1,0.8499,506.73,289.29,609.81,393.12,768,432
15,31,2.583,person,0,1,0.8686,509.04,283.63,610.27,390.77,768,432
16,32,2.667,person,0,1,0.8693,511.67,278.64,610.11,387.83,768,432
17,33,2.75,person,0,1,0.8566,516.54,273.1,608.95,379.91,768,432
18,34,2.833,person,0,1,0.8637,524.79,266.22,606.78,364.55,768,432
19,35,2.917,person,0,1,0.8631,529.09,260.09,607.64,357.88,768,432
20,36,3.0,person,0,1,0.8281,530.49,254.41,608.89,355.6,768,432
21,37,3.083,person,0,1,0.8479,531.19,250.19,609.36,354.46,768,432
22,38,3.167,person,0,1,0.8467,532.21,244.78,609.97,351.97,768,432
23,39,3.25,person,0,1,0.8415,537.49,239.7,610.62,343.85,768,432
24,40,3.333,person,0,1,0.8547,544.83,234.75,611.21,331.94,768,432
25,41,3.417,person,0,1,0.8576,550.13,229.94,611.95,322.56,768,432
26,42,3.5,person,0,1,0.8431,552.26,225.63,614.23,320.48,768,432
27,43,3.583,person,0,1,0.8545,554.06,222.64,615.83,318.48,768,432
28,44,3.667,person,0,1,0.8366,557.13,218.81,618.6,315.43,768,432
29,45,3.75,person,0,1,0.8457,563.68,215.35,621.51,306.79,768,432
30,46,3.833,person,0,1,0.8649,572.04,210.2,627.56,299.34,768,432
31,47,3.917,person,0,1,0.8641,578.48,205.85,633.88,296.62,768,432
32,48,4.0,person,0,1,0.8703,582.02,202.31,638.29,295.74,768,432
33,49,4.083,person,0,1,0.8799,585.09,199.24,642.92,295.62,768,432
34,50,4.167,person,0,1,0.8773,588.16,196.22,646.94,295.39,768,432
35,51,4.25,person,0,1,0.8343,593.35,191.8,650.97,291.38,768,432
36,52,4.333,person,0,1,0.8499,600.27,187.04,653.85,281.5,768,432
37,53,4.417,person,0,1,0.8553,605.53,183.25,656.09,273.01,768,432
38,54,4.5,person,0,1,0.8448,607.46,180.15,658.2,270.47,768,432
39,55,4.583,person,0,1,0.8598,609.04,178.02,660.7,269.56,768,432
40,56,4.667,person,0,1,0.8459,611.86,175.66,664.52,268.1,768,432
41,57,4.75,person,0,1,0.843,619.95,172.49,670.11,260.18,768,432
42,58,4.833,person,0,1,0.8457,628.18,167.34,678.09,255.56,768,432
43,59,4.917,person,0,1,0.8668,636.0,165.04,685.63,253.83,768,432
44,60,5.0,person,0,1,0.8674,639.89,162.6,690.47,253.46,768,432
45,61,5.083,person,0,1,0.8717,642.79,161.18,694.41,253.5,768,432
46,62,5.167,person,0,1,0.8658,646.46,159.07,698.33,252.21,768,432
47,63,5.25,person,0,1,0.8587,653.31,156.05,702.49,245.98,768,432
48,64,5.333,person,0,1,0.8616,659.11,151.87,706.84,240.43,768,432
49,65,5.417,person,0,1,0.8473,663.18,148.8,709.47,235.02,768,432
50,66,5.5,person,0,1,0.8327,664.96,147.07,711.58,233.67,768,432
51,67,5.583,person,0,1,0.8199,666.93,144.48,714.84,232.33,768,432
52,68,5.667,person,0,1,0.8556,670.96,142.21,719.56,230.55,768,432
53,69,5.75,person,0,1,0.8356,677.38,140.32,724.06,224.43,768,432
54,70,5.833,person,0,1,0.8226,685.0,137.29,731.29,221.24,768,432
55,71,5.917,person,0,1,0.7635,691.58,134.18,738.67,220.49,768,432
56,72,6.0,person,0,1,0.7748,695.62,132.46,743.66,220.32,768,432
57,73,6.083,person,0,1,0.5451,698.86,130.95,748.44,220.55,768,432
58,74,6.167,person,0,1,0.8432,701.23,129.26,750.94,219.24,768,432
59,75,6.25,person,0,1,0.7567,706.08,127.43,753.26,213.51,768,432
60,76,6.333,person,0,1,0.7744,709.82,112.28,763.04,208.84,768,432
61,77,6.417,person,0,1,0.7969,712.86,107.09,766.55,203.77,768,432
62,78,6.5,person,0,1,0.7754,714.03,105.24,768.0,201.93,768,432
63,79,6.583,person,0,1,0.7952,714.11,104.33,768.0,200.47,768,432
64,80,6.667,person,0,1,0.7737,718.09,104.53,768.0,198.7,768,432
65,81,6.75,person,0,1,0.7916,723.91,104.61,768.0,194.6,768,432
66,82,6.833,person,0,1,0.7084,728.89,103.91,768.0,192.57,768,432
67,83,6.917,person,0,1,0.6296,733.29,104.94,768.0,191.43,768,432
68,84,7.0,person,0,1,0.6089,735.18,105.7,768.0,191.44,768,432
69,85,7.083,person,0,1,0.4962,737.3,109.99,768.0,191.36,768,432
70,180,15.0,boat,8,2,0.4154,82.89,287.84,286.78,430.27,768,432
71,181,15.083,boat,8,2,0.6959,77.03,278.85,293.75,430.57,768,432
72,182,15.167,boat,8,2,0.7038,71.22,268.5,301.44,430.45,768,432
73,183,15.25,boat,8,2,0.7094,65.22,258.43,307.91,430.48,768,432
74,184,15.333,boat,8,2,0.6782,61.28,249.22,312.84,429.52,768,432
75,185,15.417,boat,8,2,0.7125,58.16,240.13,318.43,429.52,768,432
76,186,15.5,boat,8,2,0.7085,55.64,231.17,323.97,430.33,768,432
77,187,15.583,car,2,2,0.4926,54.97,222.36,327.71,429.65,768,432
78,188,15.667,boat,8,2,0.7068,54.5,213.78,330.83,429.81,768,432
79,191,15.917,car,2,2,0.5657,57.89,191.24,331.09,414.29,768,432
80,196,16.333,cell phone,67,2,0.6133,73.13,158.3,309.75,362.77,768,432
81,197,16.417,cell phone,67,2,0.4854,77.95,151.94,299.84,352.91,768,432
82,200,16.667,cell phone,67,2,0.4876,77.29,137.89,278.97,327.18,768,432
83,201,16.75,cell phone,67,2,0.6607,77.32,133.81,269.78,319.4,768,432
84,202,16.833,cell phone,67,2,0.4782,76.41,129.75,261.37,311.47,768,432
85,204,17.0,car,2,2,0.4719,70.51,121.84,246.77,296.46,768,432
86,205,17.083,car,2,2,0.4428,66.03,119.09,238.22,290.05,768,432
87,206,17.167,car,2,2,0.4458,61.49,116.71,230.07,283.6,768,432
88,207,17.25,car,2,2,0.6167,56.26,114.72,222.05,277.63,768,432
89,208,17.333,car,2,2,0.3577,49.9,112.38,214.52,272.59,768,432
90,209,17.417,car,2,2,0.5125,42.81,110.65,206.79,268.32,768,432
91,210,17.5,car,2,2,0.7635,36.43,109.65,198.89,263.37,768,432
92,211,17.583,car,2,2,0.6965,29.49,108.35,190.76,258.26,768,432
93,212,17.667,car,2,2,0.8339,21.27,106.89,183.43,254.91,768,432
94,213,17.75,car,2,2,0.8267,14.16,106.35,176.17,251.51,768,432
95,214,17.833,car,2,2,0.788,9.91,105.76,170.8,247.84,768,432
96,215,17.917,car,2,2,0.6238,6.73,105.08,166.23,244.47,768,432
97,216,18.0,car,2,2,0.8492,3.99,104.46,161.58,241.27,768,432
98,217,18.083,car,2,2,0.8446,0.95,103.59,157.22,238.98,768,432
99,218,18.167,car,2,2,0.8719,0.0,103.26,152.37,237.06,768,432
100,219,18.25,car,2,2,0.8863,0.0,102.47,147.06,234.33,768,432
101,220,18.333,car,2,2,0.8884,0.0,102.18,141.57,232.35,768,432
102,221,18.417,car,2,2,0.8805,0.0,101.88,135.95,230.59,768,432
103,222,18.5,car,2,2,0.8657,0.0,102.04,129.76,228.56,768,432
104,223,18.583,car,2,2,0.887,0.0,102.57,122.82,226.11,768,432
105,224,18.667,car,2,2,0.8769,0.0,103.54,116.05,224.89,768,432
106,225,18.75,car,2,2,0.8705,0.0,104.34,109.82,224.03,768,432
107,226,18.833,car,2,2,0.8485,0.0,105.37,103.2,223.38,768,432
108,227,18.917,car,2,2,0.8122,0.0,106.72,96.47,223.26,768,432
109,228,19.0,car,2,2,0.8119,0.0,108.12,89.47,222.61,768,432
110,229,19.083,car,2,2,0.7633,0.0,109.77,82.31,222.23,768,432
111,230,19.167,car,2,2,0.6809,0.0,110.82,75.7,222.19,768,432
112,306,25.5,person,0,4,0.3787,506.77,0.01,539.66,34.71,768,432
113,310,25.833,person,0,4,0.5033,510.04,0.0,553.28,45.97,768,432
114,311,25.917,person,0,4,0.529,511.87,0.16,557.52,49.16,768,432
115,312,26.0,person,0,4,0.4072,513.19,0.07,560.89,51.85,768,432
116,313,26.083,tennis racket,38,4,0.3578,515.01,0.03,564.97,54.92,768,432
117,318,26.5,tennis racket,38,4,0.365,529.24,10.04,582.13,68.83,768,432
118,319,26.583,tennis racket,38,4,0.3682,532.25,8.83,588.04,71.92,768,432
119,320,26.667,tennis racket,38,4,0.3515,537.27,13.15,590.99,73.81,768,432
120,323,26.917,tennis racket,38,4,0.5103,544.72,4.62,612.17,82.44,768,432
121,324,27.0,tennis racket,38,4,0.4996,555.19,20.06,612.27,83.54,768,432
122,327,27.25,tennis racket,38,4,0.4123,575.25,33.77,614.24,73.87,768,432
123,328,27.333,tennis racket,38,4,0.5653,580.65,37.12,631.18,87.17,768,432
124,329,27.417,tennis racket,38,4,0.6384,585.83,40.39,640.94,92.98,768,432
125,332,27.667,tennis racket,38,4,0.5358,605.54,47.22,663.58,100.37,768,432
126,333,27.75,tennis racket,38,4,0.6682,612.85,49.37,672.2,101.64,768,432
127,334,27.833,bicycle,1,4,0.5157,618.93,49.73,680.56,102.31,768,432
128,338,28.167,bicycle,1,4,0.6495,646.06,50.35,712.21,105.3,768,432
129,339,28.25,bicycle,1,4,0.6303,654.13,52.7,720.1,106.05,768,432
130,341,28.417,bicycle,1,4,0.5035,666.2,54.5,734.69,108.78,768,432
131,342,28.5,bicycle,1,4,0.6991,674.41,57.38,740.73,108.3,768,432
132,343,28.583,bicycle,1,4,0.7507,681.99,59.9,747.02,108.41,768,432
133,344,28.667,bicycle,1,4,0.6611,690.68,64.02,752.08,108.1,768,432
134,344,28.667,person,0,15,0.5225,709.24,28.2,746.05,89.26,768,432
135,345,28.75,bicycle,1,4,0.5527,696.23,64.24,760.32,109.2,768,432
136,345,28.75,person,0,15,0.4493,714.31,28.01,750.61,88.08,768,432
137,346,28.833,bicycle,1,4,0.6362,701.18,65.08,765.39,109.59,768,432
138,346,28.833,person,0,15,0.4431,722.61,28.57,760.95,92.14,768,432
139,347,28.917,tennis racket,38,4,0.4079,708.4,68.97,763.32,106.32,768,432
140,347,28.917,person,0,15,0.5028,729.58,30.5,767.82,94.15,768,432
141,348,29.0,person,0,15,0.4063,732.06,31.88,768.0,102.88,768,432
142,349,29.083,person,0,15,0.5744,737.77,32.37,768.0,98.23,768,432
143,349,29.083,bicycle,1,4,0.358,717.98,71.82,768.0,106.68,768,432
144,486,40.5,person,0,17,0.4846,0.0,53.72,21.96,118.9,768,432
145,487,40.583,person,0,17,0.7231,2.03,45.61,27.35,118.03,768,432
146,488,40.667,person,0,17,0.8042,7.66,43.11,33.65,115.81,768,432
147,489,40.75,person,0,17,0.7932,13.98,42.75,40.82,115.81,768,432
148,490,40.833,person,0,17,0.7889,18.75,42.28,46.84,116.29,768,432
149,491,40.917,person,0,17,0.7914,21.91,40.54,51.04,115.5,768,432
150,492,41.0,person,0,17,0.8028,24.65,39.31,54.68,115.68,768,432
151,493,41.083,person,0,17,0.8142,26.56,38.06,57.42,116.6,768,432
152,494,41.167,person,0,17,0.7985,33.47,37.9,64.75,116.13,768,432
153,495,41.25,person,0,17,0.8365,40.77,38.38,71.85,113.71,768,432
154,496,41.333,person,0,17,0.8164,46.92,39.13,78.42,112.92,768,432
155,497,41.417,person,0,17,0.8369,51.66,38.84,84.35,113.42,768,432
156,498,41.5,person,0,17,0.8334,54.69,38.33,88.17,113.92,768,432
157,499,41.583,person,0,17,0.8153,57.06,37.48,90.75,113.97,768,432
158,500,41.667,person,0,17,0.8231,61.16,36.58,95.04,113.79,768,432
159,501,41.75,person,0,17,0.8147,69.29,36.02,103.77,112.5,768,432
160,502,41.833,person,0,17,0.8301,75.91,35.85,110.86,111.27,768,432
161,503,41.917,person,0,17,0.8382,80.32,35.66,116.69,112.0,768,432
162,504,42.0,person,0,17,0.8513,84.14,34.48,121.42,111.78,768,432
163,505,42.083,person,0,17,0.7942,87.91,33.4,124.83,110.49,768,432
164,506,42.167,person,0,17,0.8347,90.57,31.6,127.74,111.09,768,432
165,507,42.25,person,0,17,0.8025,97.48,31.21,134.16,109.7,768,432
166,508,42.333,person,0,17,0.8251,106.12,31.46,142.51,107.67,768,432
167,509,42.417,person,0,17,0.8359,112.33,31.93,149.07,107.13,768,432
168,510,42.5,person,0,17,0.8247,116.28,31.99,153.62,106.92,768,432
169,511,42.583,person,0,17,0.7962,120.27,31.07,157.53,106.27,768,432
170,512,42.667,person,0,17,0.7789,123.38,29.83,160.05,105.68,768,432
171,512,42.667,tennis racket,38,18,0.4639,167.81,40.19,196.6,56.44,768,432
172,513,42.75,person,0,17,0.8035,128.05,27.47,164.93,105.51,768,432
173,513,42.75,tennis racket,38,18,0.533,167.48,40.2,196.55,56.61,768,432
174,514,42.833,person,0,17,0.8359,136.57,27.05,173.55,104.33,768,432
175,514,42.833,tennis racket,38,18,0.4706,167.34,39.94,196.71,56.52,768,432
176,515,42.917,person,0,17,0.8254,143.89,26.86,181.53,104.63,768,432
177,515,42.917,tennis racket,38,18,0.5324,166.77,40.07,196.58,56.91,768,432
178,516,43.0,person,0,17,0.84,147.58,25.97,186.61,105.42,768,432
179,516,43.0,tennis racket,38,18,0.5652,167.01,40.4,197.03,57.4,768,432
180,517,43.083,person,0,17,0.7947,151.41,24.03,190.43,103.3,768,432
181,518,43.167,person,0,17,0.7411,156.49,21.97,194.07,99.48,768,432
182,519,43.25,person,0,17,0.8124,160.1,20.25,197.07,98.6,768,432
183,520,43.333,person,0,17,0.8221,167.28,18.54,204.05,96.12,768,432
184,521,43.417,person,0,17,0.7485,171.99,18.22,209.69,95.53,768,432
185,522,43.5,person,0,17,0.8148,175.38,18.18,214.45,94.49,768,432
186,523,43.583,person,0,17,0.6855,180.7,16.24,220.48,93.8,768,432
187,523,43.583,tennis racket,38,18,0.6685,163.61,41.12,193.28,58.32,768,432
188,524,43.667,person,0,17,0.7694,186.76,14.71,224.16,88.82,768,432
189,524,43.667,tennis racket,38,18,0.6874,164.57,41.27,195.45,59.35,768,432
190,525,43.75,person,0,17,0.7779,190.51,12.88,227.04,87.0,768,432
191,525,43.75,tennis racket,38,18,0.6666,165.36,41.41,196.67,59.82,768,432
192,526,43.833,person,0,17,0.7828,195.42,11.11,231.81,86.53,768,432
193,526,43.833,tennis racket,38,18,0.6661,165.71,41.98,196.31,59.99,768,432
194,527,43.917,person,0,17,0.8258,201.19,10.47,237.19,85.5,768,432
195,527,43.917,tennis racket,38,18,0.6801,165.56,41.9,196.58,60.27,768,432
196,528,44.0,person,0,17,0.8034,204.81,8.75,241.22,83.84,768,432
197,528,44.0,tennis racket,38,18,0.6724,165.73,41.96,196.61,60.33,768,432
198,529,44.083,person,0,17,0.7799,206.4,6.41,243.74,82.08,768,432
199,529,44.083,tennis racket,38,18,0.594,165.48,41.93,196.45,60.44,768,432
200,529,44.083,car,2,20,0.4971,63.84,360.99,239.33,431.08,768,432
201,530,44.167,person,0,17,0.7625,206.83,4.05,244.33,78.22,768,432
202,530,44.167,tennis racket,38,18,0.5926,165.64,42.25,196.01,60.42,768,432
203,530,44.167,car,2,20,0.5925,53.86,351.42,252.86,431.15,768,432
204,531,44.25,person,0,17,0.7833,205.06,1.48,245.04,79.25,768,432
205,531,44.25,tennis racket,38,18,0.5411,165.63,42.27,195.92,60.44,768,432
206,531,44.25,car,2,20,0.3734,44.07,340.13,270.51,431.58,768,432
207,532,44.333,person,0,17,0.7783,215.49,0.0,253.75,76.34,768,432
208,532,44.333,car,2,20,0.7224,35.08,328.46,287.87,431.89,768,432
209,533,44.417,person,0,17,0.7821,224.8,0.0,261.96,73.82,768,432
210,533,44.417,car,2,20,0.6234,26.51,317.22,302.19,432.0,768,432
211,534,44.5,person,0,17,0.7953,229.97,0.0,266.5,73.05,768,432
212,534,44.5,car,2,20,0.5707,20.52,307.04,313.28,431.63,768,432
213,535,44.583,person,0,17,0.7984,232.6,0.0,268.45,72.25,768,432
214,535,44.583,boat,8,20,0.5078,15.18,296.55,323.45,431.17,768,432
215,536,44.667,person,0,17,0.7818,236.13,0.0,270.49,69.78,768,432
216,536,44.667,boat,8,20,0.4283,11.58,287.36,331.2,431.06,768,432
217,537,44.75,person,0,17,0.7937,240.11,0.0,271.64,65.35,768,432
218,537,44.75,car,2,20,0.4344,8.89,277.38,338.2,430.33,768,432
219,538,44.833,person,0,17,0.7619,243.82,0.0,274.05,63.32,768,432
220,538,44.833,boat,8,20,0.5012,7.39,268.81,343.16,430.25,768,432
221,539,44.917,person,0,17,0.7374,247.86,0.0,277.54,62.59,768,432
222,539,44.917,boat,8,20,0.6517,5.64,259.77,347.47,430.28,768,432
223,539,44.917,person,0,23,0.3975,510.43,0.13,528.25,24.81,768,432
224,540,45.0,person,0,17,0.6871,251.37,0.0,280.46,61.74,768,432
225,540,45.0,boat,8,20,0.4022,5.06,251.44,349.79,430.0,768,432
226,540,45.0,person,0,23,0.5516,509.42,0.03,528.63,26.56,768,432
227,541,45.083,person,0,17,0.5416,256.07,0.12,284.74,60.73,768,432
228,541,45.083,car,2,20,0.4741,5.92,243.03,350.94,428.74,768,432
229,541,45.083,person,0,23,0.6053,509.59,0.0,530.69,28.97,768,432
230,542,45.167,person,0,17,0.5614,258.79,0.0,286.76,58.81,768,432
231,542,45.167,boat,8,20,0.568,6.82,235.2,354.46,430.05,768,432
232,542,45.167,person,0,23,0.4728,510.48,0.0,533.72,31.64,768,432
233,543,45.25,person,0,17,0.6449,266.53,0.0,291.89,50.73,768,432
234,543,45.25,car,2,20,0.5079,10.04,227.09,356.98,429.75,768,432
235,543,45.25,boat,8,25,0.4806,83.82,229.31,282.87,430.34,768,432
236,544,45.333,person,0,17,0.6074,267.84,0.0,290.92,45.94,768,432
237,544,45.333,car,2,25,0.6304,83.54,221.42,288.78,429.04,768,432
238,545,45.417,person,0,17,0.5137,271.69,0.26,293.19,42.7,768,432
239,545,45.417,car,2,25,0.701,83.76,213.45,296.22,429.15,768,432
240,545,45.417,person,0,23,0.485,512.16,0.21,540.77,38.96,768,432
241,546,45.5,person,0,17,0.6198,275.05,0.26,296.75,41.61,768,432
242,546,45.5,car,2,25,0.8502,83.59,205.42,303.6,430.19,768,432
243,546,45.5,person,0,23,0.6232,512.69,0.3,542.63,40.65,768,432
244,547,45.583,person,0,17,0.6069,276.41,0.61,298.02,40.46,768,432
245,547,45.583,car,2,25,0.8022,85.97,198.21,307.87,426.91,768,432
246,547,45.583,person,0,23,0.6266,512.9,0.31,544.99,43.4,768,432
247,548,45.667,person,0,17,0.595,276.69,0.97,298.52,40.04,768,432
248,548,45.667,car,2,25,0.847,91.05,190.11,309.25,417.31,768,432
249,548,45.667,person,0,23,0.7005,512.89,0.3,546.57,45.46,768,432
250,549,45.75,person,0,17,0.4503,279.34,0.29,299.58,35.43,768,432
251,549,45.75,car,2,25,0.744,95.97,181.3,309.16,405.87,768,432
252,549,45.75,person,0,23,0.6385,513.04,0.28,548.7,48.16,768,432
253,550,45.833,person,0,17,0.4478,283.35,0.05,301.82,32.4,768,432
254,550,45.833,car,2,25,0.7505,102.94,174.35,307.48,392.35,768,432
255,550,45.833,person,0,23,0.4394,513.28,0.26,550.65,50.77,768,432
256,551,45.917,car,2,25,0.8071,109.05,166.93,306.18,379.77,768,432
257,551,45.917,person,0,23,0.3633,514.36,0.24,553.25,53.01,768,432
258,552,46.0,car,2,25,0.8068,114.32,158.81,304.89,367.38,768,432
259,553,46.083,car,2,25,0.8433,119.65,151.34,301.98,353.72,768,432
260,554,46.167,car,2,25,0.8404,124.19,143.53,299.95,341.72,768,432
261,555,46.25,car,2,25,0.8321,128.39,136.23,297.27,329.82,768,432
262,556,46.333,car,2,25,0.7643,131.7,128.05,294.96,318.56,768,432
263,556,46.333,bicycle,1,23,0.3932,524.63,7.72,567.47,65.79,768,432
264,557,46.417,car,2,25,0.7451,135.67,120.73,292.36,307.05,768,432
265,557,46.417,bicycle,1,23,0.3505,526.69,4.93,573.23,68.19,768,432
266,558,46.5,car,2,25,0.7861,138.61,113.8,288.86,296.01,768,432
267,559,46.583,car,2,25,0.6822,141.28,108.72,285.3,286.66,768,432
268,559,46.583,tennis racket,38,23,0.3884,533.4,11.36,578.77,72.34,768,432
269,560,46.667,car,2,25,0.7372,142.98,104.08,280.1,275.73,768,432
270,560,46.667,tennis racket,38,23,0.4965,533.6,4.8,585.61,75.48,768,432
271,561,46.75,car,2,25,0.7852,141.04,98.37,274.09,265.77,768,432
272,561,46.75,tennis racket,38,23,0.4189,536.07,2.59,591.54,78.35,768,432
273,562,46.833,car,2,25,0.778,138.86,92.68,268.63,256.04,768,432
274,563,46.917,car,2,25,0.7787,135.39,86.87,263.47,247.35,768,432
275,564,47.0,car,2,25,0.8161,132.12,81.93,258.25,238.72,768,432
276,564,47.0,tennis racket,38,23,0.5779,555.18,24.08,602.32,85.32,768,432
277,565,47.083,car,2,25,0.8497,128.26,77.07,252.81,229.99,768,432
278,566,47.167,car,2,25,0.8782,123.7,71.98,246.8,220.5,768,432
279,566,47.167,tennis racket,38,23,0.5015,565.93,31.9,612.09,88.52,768,432
280,567,47.25,car,2,25,0.8551,117.49,68.33,240.35,213.41,768,432
281,567,47.25,tennis racket,38,23,0.5429,570.93,35.66,617.77,89.26,768,432
282,568,47.333,car,2,25,0.8262,110.5,65.03,233.31,206.16,768,432
283,568,47.333,tennis racket,38,23,0.5279,576.72,38.84,625.47,91.44,768,432
284,569,47.417,car,2,25,0.8513,102.4,62.83,225.41,199.8,768,432
285,569,47.417,bicycle,1,23,0.5528,581.88,39.76,632.74,91.64,768,432
286,570,47.5,car,2,25,0.8707,93.88,61.05,217.43,193.94,768,432
287,570,47.5,bicycle,1,23,0.5878,586.27,41.05,641.07,94.77,768,432
288,571,47.583,car,2,25,0.8976,84.71,59.59,209.1,188.32,768,432
289,571,47.583,person,0,29,0.4637,612.47,10.44,645.39,73.2,768,432
290,572,47.667,car,2,25,0.8964,74.55,57.84,200.02,182.58,768,432
291,572,47.667,person,0,29,0.4279,618.2,10.82,651.71,74.8,768,432
292,572,47.667,tennis racket,38,23,0.4246,597.95,45.84,653.86,98.26,768,432
293,573,47.75,car,2,25,0.8899,63.77,56.64,190.79,177.81,768,432
294,573,47.75,person,0,29,0.422,626.3,12.89,657.61,72.78,768,432
295,573,47.75,tennis racket,38,23,0.4857,604.01,48.3,660.53,99.05,768,432
296,574,47.833,car,2,25,0.8895,52.31,55.18,182.52,174.36,768,432
297,574,47.833,person,0,29,0.4175,632.55,15.14,663.84,74.83,768,432
298,575,47.917,car,2,25,0.8907,40.93,53.93,174.28,171.2,768,432
299,575,47.917,tennis racket,38,23,0.5381,617.06,51.54,674.28,100.64,768,432
300,576,48.0,car,2,25,0.8937,30.31,52.69,166.65,168.07,768,432
301,576,48.0,bicycle,1,23,0.5876,622.28,52.82,682.13,102.32,768,432
302,577,48.083,car,2,25,0.9018,21.32,51.72,160.34,165.71,768,432
303,577,48.083,bicycle,1,23,0.6713,628.09,53.31,689.99,103.08,768,432
304,577,48.083,person,0,29,0.3641,647.05,18.25,682.28,85.31,768,432
305,578,48.167,car,2,25,0.8853,15.12,51.46,155.42,163.82,768,432
306,578,48.167,bicycle,1,23,0.6239,633.63,50.9,699.91,103.36,768,432
307,579,48.25,car,2,25,0.8689,10.49,51.35,150.7,161.72,768,432
308,579,48.25,bicycle,1,23,0.7278,638.49,50.09,707.54,104.09,768,432
309,580,48.333,car,2,25,0.8899,6.54,51.16,145.53,159.33,768,432
310,580,48.333,bicycle,1,23,0.7269,643.63,49.65,714.74,104.72,768,432
311,581,48.417,car,2,25,0.8945,2.89,51.41,139.93,157.46,768,432
312,581,48.417,bicycle,1,23,0.7492,651.92,54.04,719.22,104.97,768,432
313,582,48.5,car,2,25,0.8832,0.0,51.81,134.17,155.94,768,432
314,582,48.5,bicycle,1,23,0.6434,658.65,55.94,724.21,104.59,768,432
315,583,48.583,car,2,25,0.8771,0.0,51.99,128.16,155.05,768,432
316,583,48.583,bicycle,1,23,0.4549,665.25,57.91,730.25,105.07,768,432
317,583,48.583,person,0,29,0.5252,689.56,24.21,722.24,85.44,768,432
318,584,48.667,car,2,25,0.8856,0.0,52.68,121.6,153.89,768,432
319,584,48.667,bicycle,1,23,0.4819,671.07,57.64,737.29,104.83,768,432
320,584,48.667,person,0,29,0.5015,695.88,23.64,729.86,86.18,768,432
321,585,48.75,car,2,25,0.8745,0.0,53.81,114.31,152.84,768,432
322,585,48.75,bicycle,1,23,0.5391,676.93,58.15,743.23,104.81,768,432
323,585,48.75,person,0,29,0.6001,702.19,24.55,733.25,80.68,768,432
324,586,48.833,car,2,25,0.8701,0.0,55.27,107.41,152.47,768,432
325,586,48.833,bicycle,1,23,0.6248,682.67,58.99,749.02,105.01,768,432
326,586,48.833,person,0,29,0.5689,708.35,25.43,738.81,79.32,768,432
327,587,48.917,car,2,25,0.8472,0.0,56.59,99.99,152.18,768,432
328,587,48.917,bicycle,1,23,0.6548,689.61,60.42,753.79,104.01,768,432
329,587,48.917,person,0,29,0.6155,713.94,26.64,743.24,76.54,768,432
330,588,49.0,car,2,25,0.8181,0.0,57.69,92.99,152.23,768,432
331,588,49.0,bicycle,1,23,0.5135,697.58,63.11,758.55,103.48,768,432
332,588,49.0,person,0,29,0.5649,720.88,27.5,749.59,74.8,768,432
333,589,49.083,car,2,25,0.8358,0.0,59.04,85.59,153.06,768,432
334,589,49.083,person,0,29,0.4041,727.11,27.76,761.78,84.56,768,432
335,590,49.167,car,2,25,0.7198,0.0,61.48,77.46,152.86,768,432
336,590,49.167,person,0,29,0.4866,733.03,27.2,766.06,80.5,768,432
337,590,49.167,tennis racket,38,23,0.5147,708.96,68.83,763.45,104.07,768,432
338,591,49.25,person,0,29,0.4755,733.27,27.86,768.0,95.49,768,432
339,591,49.25,tennis racket,38,23,0.5348,712.53,69.98,765.31,103.84,768,432
